sentence,lang_LH_AntTemp,lang_LH_IFG,lang_LH_IFGorb,lang_LH_MFG,lang_LH_PostTemp,lang_LH_netw
Taste that fowl and those fish.,0,0,0,0,0,0
All sorts of treasure there too.,0,0,0,0,0,0
The small flock of birds circled.,0,1,0,1,0,0
The music drums inside my head.,0,1,0,0,0,0
They are very devoted and faithful.,0,0,1,1,0,0
What an amazing and wonderful metamorphosis.,1,1,1,1,1,1
She began to worry about infection.,1,1,1,1,0,0
It has a light tangy flavor.,0,0,0,0,0,0
We love rich tourists on vacation.,1,1,1,1,1,1
Across the street was a pub.,0,0,0,0,0,0
Would she put him in jail?,0,1,0,0,0,1
Where are you keeping it safe?,0,0,0,0,0,0
"It was all ridiculous, crazy, insane.",1,1,1,1,1,1
"A childish notion, to be sure.",1,1,1,1,0,1
Sophia was asleep on the sofa.,1,1,1,0,1,1
Her answer was difficult to grasp.,1,1,1,1,1,1
It meant waving a white flag.,0,0,0,0,0,0
The crowd burst into spontaneous applause.,1,1,1,1,1,1
His leg is too badly damaged.,0,0,0,0,0,0
He treated them like puppy dogs.,1,1,1,1,1,1
It looked like a trash heap.,0,1,0,0,0,0
A car drove down the road.,0,0,0,0,0,0
People are getting hungry and desperate.,1,1,1,1,1,1
He held out a duffel bag.,0,0,0,0,0,0
The movie was entertaining and funny.,1,1,1,1,1,1
Everyone finished eating every delicious bite.,1,1,1,1,1,1
He took another sip of beer.,0,1,0,0,0,0
The last time we'd had four.,0,0,0,0,0,0
Would she not regret this marriage?,0,0,0,0,0,0
Grace and kindness was their strength.,1,1,1,1,1,1
He could smell the cooking meat.,0,1,0,1,0,0
In a way it seemed pointless.,1,1,1,0,1,1
Another dance is about to begin.,0,0,0,0,0,0
Like a voodoo priest or something?,1,1,1,1,1,1
Her dreams remain vague and inconclusive.,1,1,1,1,1,1
She seems awfully likable to me.,1,0,1,0,1,1
The experience had shaken him emotionally.,1,1,1,1,1,1
The bugs are eating me alive.,0,0,0,0,0,0
She looked up from her sewing.,0,1,0,1,1,1
This truly was a depressing place.,1,1,1,1,1,1
"There was no moon, only starlight.",1,1,1,1,1,1
He looked annoyed at being disturbed.,0,1,1,1,1,0
Could this all be a test?,0,0,0,0,0,0
They started hiking down the mountain.,1,1,1,1,1,1
"Cattle, wagons, horses, all going west.",1,1,1,1,1,1
They bring peace in a conflict.,1,1,1,1,0,1
He pointed at the smaller circle.,0,1,0,1,1,0
Light from a fire burned inside.,0,1,0,1,0,1
This is so simple and easy.,1,1,1,0,1,1
"However, they were much too large.",0,0,0,1,0,0
Sweaty hair clinging to his forehead.,1,1,1,1,1,1
Can we pursue him for robbery?,1,0,0,0,0,0
Every now and then she stopped.,1,1,1,1,1,1
Instead he dug a little deeper:,0,0,0,0,0,0
A gun fired into the air.,0,0,0,0,0,0
I cannot debate the truth fact.,0,0,0,0,0,0
Could you loan it to me?,0,0,0,0,0,0
Perhaps we can catch some fish.,1,1,0,1,1,1
"There'll be towels, soap, and all.",1,1,1,1,1,1
Was he still in the laboratory?,0,0,0,0,0,0
He was a tall muscular man.,0,0,0,0,0,0
Its small head resembled a deer.,0,0,0,0,0,0
He finally hit the ball back.,0,0,0,0,0,0
Already inflation was destabilizing financial markets.,1,1,1,1,1,1
"It was a cylindrical, rocky chamber.",1,1,1,1,1,1
We ate it up like candy.,0,0,0,0,0,0
The weather was warm and dry.,0,0,0,0,0,0
His hand descended towards the king.,0,1,0,0,1,0
He told her the truth unabashedly.,0,0,0,0,0,0
His tea was black but sweetened.,0,0,0,0,0,0
You got an elephant up there?,0,1,1,0,1,1
A loud rumbling noise interrupted him.,1,1,1,1,1,1
This lady was an outrageous girl.,1,0,1,0,0,0
He only doubted his own abilities.,1,1,1,1,1,1
The first floor had retail shops.,1,1,0,1,1,1
His demeanor was cynical and angry.,1,1,1,1,1,1
It does wonders for the soul.,0,0,0,0,0,0
His organization did some fantastic work.,1,1,1,1,1,1
It was a night to celebrate.,0,0,0,0,0,0
Another driver waited in a car.,0,0,0,0,0,0
He is quite sick and weak.,0,0,0,0,0,0
Was he still in the garden?,0,0,0,0,0,0
We accept most proudly and eagerly.,1,1,1,1,1,1
He truly was a skilled marksman.,1,0,1,1,1,1
His skin was waxy and grey.,0,0,0,0,0,0
He has had a distinguished career.,0,0,0,0,0,0
"Strangely, I did not feel nervous.",1,1,1,1,1,1
There is salad in that bowl.,0,0,0,0,0,0
"Carefully though, he packed them away.",1,1,1,1,1,1
Did you have a medical examination?,1,1,1,1,1,1
And tomorrow would be another day.,0,0,0,1,0,0
Is it because of the drugs?,0,0,0,0,0,0
His mind sought a rational explanation.,1,1,1,1,1,1
"She did this intentionally, he thought.",1,1,1,1,1,1
She felt guilty about her deception.,1,1,1,1,1,1
He might need the knife again.,0,0,0,0,0,0
Without warning cameras started to flash.,1,1,1,1,1,1
Look at that painting over there.,1,1,1,1,1,1
The brick walls extended high up.,0,1,0,1,0,0
He seemed quite unconcerned and relaxed.,0,1,1,1,1,1
What could frighten them this badly?,0,0,0,0,0,0
His sorrow gave way to anger.,0,0,0,0,0,0
Take me to a computer terminal.,1,0,1,1,0,0
He wanted to investigate the victim.,1,0,1,0,0,0
We played out the poker hand.,0,1,0,0,0,0
You are quite smart and attentive.,1,0,1,0,1,1
The movie was a romantic comedy.,1,0,0,0,0,0
There was nothing but political commentary.,1,1,1,1,1,1
Light is made up of photons.,1,1,1,1,1,1
You're one of our top students.,1,1,1,0,1,1
Please allow me to deliver it.,1,0,1,1,1,1
"The judge spoke, breaking the silence.",1,1,1,1,1,1
She let out a choked laugh.,0,0,0,0,0,0
The seemingly impossible can be attained.,1,1,1,1,1,1
He stopped at the bedroom door.,0,1,0,0,0,0
She was inside a magnificent castle.,1,1,1,1,1,1
"Besides, it would be terribly unsafe.",1,0,1,1,1,1
Her wrist supported many gold bangles.,1,1,1,1,1,1
I feel the same way sometimes.,1,0,0,0,0,0
People need to respect the law.,1,1,1,1,1,1
The hairs on my skin rose.,0,1,0,0,0,1
A large band played folk tunes.,0,0,1,1,1,1
Your leg muscles will also ache.,1,1,0,1,1,0
"After that, no others remained intact.",1,1,1,1,1,1
Many soldiers served in his army.,1,1,1,1,1,1
It seemed to calm his anxiety.,0,0,0,0,0,0
I need it to impress her.,0,0,0,0,0,0
My assistant is bringing them out.,1,1,1,0,1,1
"Read me the book, then decide.",0,0,0,0,0,0
Each has its own elected officials.,1,1,1,0,1,1
A voice came over his radio.,0,0,0,0,0,0
What help can you possibly need?,1,1,1,1,1,1
He was bleeding from the stomach.,0,0,0,0,0,0
She was wearing a long dress.,0,0,0,0,0,0
A photo appears on the screen.,1,1,1,1,1,1
The liquid was indeed fresh water.,0,0,0,0,0,0
This is the force field parameter.,1,1,1,1,1,1
There is no brain function left.,1,1,1,1,1,1
Many villages survive along the coast.,1,1,1,1,1,1
Consequences to us could prove fatal.,1,1,1,1,1,1
The pastor proclaimed to the congregation.,1,1,1,1,1,1
Their relationship took off from there.,1,1,1,1,1,1
I can see the oak tree.,0,0,0,0,0,0
I studied and became a lawyer.,0,0,0,0,0,0
He inspected it with obvious satisfaction.,1,1,1,1,1,1
They finished eating their chicken dumplings.,1,1,1,1,1,1
His stomach pains worsened with time.,1,1,1,1,1,1
"That warrior is you, my son.",1,0,1,0,0,1
I could not escape this obligation.,1,1,1,1,1,1
The sky was bright and blue.,0,0,0,0,0,0
Why had the disease spared them?,0,0,0,0,0,0
Her energy level was too low.,0,0,0,0,0,0
He seemed extremely pleased with himself.,1,1,1,1,1,1
Spray and vapor filled the void.,1,1,1,1,1,1
He'd come because he had news.,0,0,0,0,0,0
I get paid no matter what.,0,0,0,0,0,0
The great wheel began to turn.,0,0,0,0,0,0
His pants were clean white jeans.,1,1,1,1,1,1
It was wrapped in the plastic.,1,1,1,1,1,1
It almost seemed like a toy.,0,0,0,0,0,0
Her only plan was to delay.,0,0,0,0,0,0
A wooden table lay between them.,0,0,0,0,0,0
He pulled up on the knob.,0,1,0,1,0,1
You take me for a liar?,0,0,0,0,0,0
She grinned at the blonde girl.,0,0,0,1,0,0
But her eyes betrayed the truth.,0,0,0,0,0,0
The boat was ready to sail.,0,0,0,0,0,0
I like the openness and beauty.,1,1,1,1,1,1
The next house is kilometres away.,1,1,1,0,1,1
He could not say a word.,0,0,0,0,0,0
I saw the good guys win.,0,0,0,0,0,0
You connect it to a computer.,1,1,1,0,0,0
I dared him to do it.,0,0,0,0,0,0
Then she smiled faintly and nodded.,0,1,1,1,1,1
Are they going to expel her?,0,0,0,0,0,0
So he continued in his ignorance.,1,1,1,1,1,1
Now he must find the key.,0,0,0,0,0,0
They glared at one another heatedly.,0,0,0,1,0,0
Savanah ordered a fried shrimp dinner.,1,1,1,1,1,1
If only to collect her belongings.,0,1,1,1,1,1
"Back to your cage, little bird.",0,0,0,0,0,0
The hesitant rhythm of the band.,0,0,0,0,0,0
Ruthless... merciless... devoted to our cause.,1,1,1,1,1,1
What about being amazing and wonderful?,1,0,1,1,1,1
Long after the flu epidemic ended.,0,1,1,1,1,1
Faint bitterness and a relaxing flavor.,1,1,1,1,1,1
Their stay was tranquil and pleasant.,1,1,1,1,1,1
Headed into the town's only bar.,0,0,0,0,0,0
The one in jail for murder.,0,0,0,1,0,0
To guard and keep and protect.,0,1,0,0,0,0
"Scary and freaky sometimes, but awesome.",1,1,1,1,1,1
That seemed like an absurd contradiction!,1,1,1,1,1,1
Will you sleep on the couch?,0,1,0,0,0,0
That is terribly difficult to overcome!,1,1,1,1,1,1
Put the white flag out first.,0,0,0,0,0,0
The crowd burst into sudden cacophony.,1,1,1,1,1,1
He's too badly damaged and malnourished.,1,1,1,1,1,1
Or a cat and a dog.,0,0,0,0,0,0
"It smelled bad, like rotten garbage.",0,0,1,1,1,0
Down by the abandoned train station.,1,1,1,1,1,1
You have the poor girl terrified.,1,1,0,1,0,0
He handed her the leather bag.,0,0,0,0,0,0
Her life was a horror film.,0,0,0,0,0,0
You wouldn't eat your fancy food.,1,0,0,0,0,0
"Would you like a drink, then?",0,0,0,0,0,0
"One, two, three, four, five, six-",1,1,1,1,1,1
My marriage was because of them.,0,0,0,0,0,0
They taught her humility and compassion.,1,1,1,1,1,1
Mom was stirring a sauce pan.,0,0,0,0,0,0
Enough of all this tedious self-justification.,1,1,1,1,1,1
She's using dancing moves to fight.,1,1,1,1,1,1
Was that demon or elven magic?,0,0,0,0,0,0
"It was unheard of, unthinkable, impossible.",1,1,1,1,1,1
And beautiful and smart and witty.,0,0,1,0,0,0
"Both mentally and physically, you're attracted.",1,1,1,1,1,1
Perhaps he'd put down rat poison?,1,1,1,1,1,1
Something small and wrapped in fabric.,1,1,1,1,1,1
"A little scary, but not surprising.",1,1,1,1,1,1
Of the Earth and the Moon.,0,0,0,0,0,0
He felt more embarrassed than frightened.,0,1,0,1,1,1
"A test was necessary, she decided.",0,0,0,0,1,0
You may climb on the mountain.,0,0,1,0,0,0
I fell into the cow pasture.,0,0,0,0,0,0
He encouraged hostility and eventually war.,1,1,1,1,1,1
The inside was circular in shape.,1,1,1,1,1,1
It will only fuel the fire.,0,0,0,0,0,0
That would be simple and effective.,0,0,1,1,1,1
"Most of all, it was huge.",0,0,0,0,0,0
The neatly trimmed beard and moustache.,0,0,1,1,1,0
Of what crime is he accused?,0,0,0,0,0,0
He turned to leave then stopped.,0,0,0,1,1,1
He was underground in a cave.,0,0,0,0,0,0
She lifted her gun and fired.,0,0,0,0,0,0
You have nothing but circumstantial evidence.,1,1,1,1,1,1
The promise of big business profits.,1,1,1,1,1,1
You may dive in the sea.,0,0,0,0,0,0
A shower and clean clothes helped.,0,0,0,1,1,0
He understood the science behind it.,1,1,0,1,1,1
A tall man with sun-streaked hair.,0,0,1,1,0,1
Hunt more than rabbits or deer.,0,0,0,0,0,0
Knocked him out with one punch.,0,1,0,0,0,1
The economy everywhere was in crisis.,1,1,0,1,1,1
"On the surface, it made sense.",0,0,0,0,0,1
I have chocolate peanut butter brownies.,1,1,1,1,1,1
The wind blew cold and colder.,0,0,0,0,0,0
A king must have an heir.,0,0,0,0,0,0
"He spoke baldly, with no pride.",1,1,0,1,1,1
Just peanut butter and hot cocoa.,0,0,0,0,0,0
A monkey with a bird's voice!,0,0,0,0,0,0
She screamed over the loud noise.,0,0,0,0,0,0
"The invisible girl, the unknown princess.",1,1,1,1,1,1
Not some innate sense or skill.,1,0,0,0,0,1
She had a business to sell.,0,0,0,0,0,0
"He could be cruel, domineering, arrogant.",1,1,1,1,1,1
"Pleasure, release, then ultimately, eternal peace.",1,1,1,1,1,1
Responsibility is vital in group discipline.,1,1,1,1,1,1
This is an occasion for celebration.,1,1,1,1,1,1
Used to be a truck driver.,0,0,0,0,0,0
And it was boring and miserable.,0,0,0,0,0,0
"You planted this garden, did you?",1,0,1,1,0,1
The four of them silently embraced.,0,0,0,1,1,0
But the job with the blacksmith?,0,0,0,0,0,0
The slick slide of moist flesh.,0,0,0,0,0,1
"Become someone successful, or even famous.",1,1,1,1,1,1
I suddenly feel shy and embarrassed.,0,0,1,1,1,1
And some green beans and tomatoes.,0,0,0,0,1,0
She'd have to tread very carefully.,0,0,1,1,1,0
The clinic was for AIDS patients.,1,1,1,0,1,1
"The next day, he was gone.",0,0,0,0,0,0
No response to known prescription drugs.,1,1,1,1,1,1
Morals and spirituality would become obsolete.,1,1,1,1,1,1
Or was she purposely ignoring it?,1,1,0,1,1,1
Trying to hide from your lies?,0,0,0,0,0,0
That blade will cut through anything.,0,0,0,1,0,0
The problem is the surveillance cameras.,1,1,1,1,1,1
A work of art in itself.,0,0,0,0,0,0
Bare concrete floor met unpainted drywall.,1,1,1,1,1,1
"He asked, still sounding utterly disinterested.",1,1,1,1,1,1
Or threaten them in some way?,0,0,0,0,0,0
In them was sorrow and anger.,0,0,0,0,0,0
The signal was one of power.,0,0,0,0,0,0
The one seen at the murder?,0,0,0,0,0,0
"A game of football, I suggest?",0,0,0,0,0,0
And so very thoughtful of you.,0,0,0,0,0,0
Were all the vampire stories true?,0,1,0,1,1,0
What else remained from the communism?,1,1,0,1,1,1
We could have increased cosmic radiation.,1,1,1,1,1,1
I'm not teaching middle school here.,1,1,0,1,1,1
Please send for him at once.,0,0,0,0,0,0
"The court continued on, as expected.",1,1,1,1,1,1
He just laughs when we weep.,0,0,0,0,0,0
"Fortunately, she was not easily deterred.",1,1,1,1,1,1
For every room of the house.,0,0,0,0,0,0
The building housed a great hall.,0,0,0,1,0,0
The sometimes cruel and hateful road.,0,0,1,1,1,0
"Color-wise, silver and pink are good.",1,1,1,1,1,1
There are seldom any other kind.,0,0,0,0,0,0
Plus there be laws and rules.,0,0,0,0,0,0
She makes me brush my hair.,0,0,0,0,0,0
His soul sang with the music.,0,0,0,0,0,0
His knee pressed on my neck.,0,1,0,0,1,1
She could move undetected and untouched.,0,0,0,1,1,1
The military forces of the colony.,1,1,0,1,0,0
His mental anxiety had no outlet.,0,0,1,0,0,1
Forgive me if I frighten you.,1,0,0,0,0,0
I'm also hiring an office assistant.,1,1,1,1,1,1
"Read the book, sign the forms.",0,0,0,0,0,0
State your name for the Council.,0,0,0,0,0,0
"Like an idiot, I'd believed her.",1,1,1,1,1,1
Remember the sound of his voice.,0,0,0,0,0,0
Sugar would help restore our energy.,0,1,0,1,0,0
He felt his stomach for blood.,0,0,0,0,0,0
I certainly wouldn't wear dress pants.,1,1,1,1,1,1
Recognize your picture from the paper.,1,1,1,1,1,1
Great water pressure in those pipes.,1,1,1,1,1,1
Geometric theory applied to puzzle making?,1,1,1,1,1,1
"His cell was functional, if unoriginal.",1,1,1,1,1,1
From northern waste to southern hill.,0,1,0,1,0,0
They never caused me any harm.,0,0,0,0,0,0
Do you worship at their temple?,0,1,0,0,0,0
They definitely had a close relationship.,1,1,1,1,1,1
A tree covered with red berries.,0,0,0,0,0,0
From some historian his father met.,1,1,0,1,0,1
Her safety is of utmost importance.,1,1,1,1,1,1
Vegetable soup and a turkey sandwich.,0,0,1,1,1,1
But nothing like those stomach cramps.,1,1,1,1,1,1
A creature both demon and beast.,0,0,0,0,0,0
It wouldn't be any fun otherwise.,1,0,0,0,0,1
Bright lights shining in my eyes.,1,1,1,1,1,1
She suffered from degenerative kidney disease.,1,1,1,1,1,1
"My price, however, was much higher.",1,1,0,1,1,1
But I may be incredibly ill-advised.,1,1,1,1,1,1
"No chemical odor, merely salt water.",0,1,0,1,1,0
It was a breaking news report.,0,0,0,0,0,0
They pay good money for it.,0,0,0,0,0,0
He put the car in gear.,0,0,0,0,0,0
Wearing jeans and a black coat.,0,0,0,0,0,0
Thin metal lock-picking tools lay inside.,1,1,1,1,1,1
"Oh, and an amusing little monkey.",1,0,1,1,1,1
It would only delay the inevitable.,0,0,1,1,1,1
The glass in the frame broke.,0,0,0,0,0,0
Pull the pin and throw it!,0,0,0,0,0,0
"Another mourner, another well-wisher, another liar.",1,1,1,1,1,1
Thou shalt not accede to evil.,0,0,0,0,0,0
"One tug, and he went flying.",0,0,0,0,0,0
She was beauty and gentleness personified.,1,1,1,1,1,1
Hotel is just around the corner.,0,0,0,0,0,0
Understand the meaning of the word.,0,0,0,0,0,0
Let's hope the best team wins.,0,0,0,0,1,1
They need access to our computers.,0,1,0,0,0,0
Do not betray me in this.,0,0,0,0,0,0
"And she smiled, a little nervously.",1,1,1,1,1,1
How can they just expel you?,0,0,0,0,0,0
"And with your arrogance, it seems.",1,0,0,1,0,0
We have to go single file.,0,0,0,0,0,0
He sneered contemptuously at the Daimons.,1,1,1,1,1,1
"Cod, orange roughy, salmon, and tuna.",1,1,1,1,1,1
"Precious, beautiful, worth seeking the best.",1,1,1,1,1,1
"Sparrows and pigeons, no other birds.",1,1,0,1,1,1
Their hearts beat in rhythm together.,0,0,0,1,0,0
"General personality: Generous, conscientious, amiable, loyal.",1,1,1,1,1,1
"This is really amazing, Doctor Face-reader.",1,1,1,1,1,1
Possibly the bacteria that causes plague.,1,1,1,1,1,1
That had a bitter almond scent.,0,0,0,0,0,0
Quintessential sound of a peaceful night.,1,1,1,1,1,1
The large restaurant was cafeteria style.,1,0,1,1,1,0
"They put us in jail, Johnny!",1,0,1,0,0,1
You need me to protect you.,0,0,0,0,0,0
He was cruel and scary and-,0,0,0,0,0,0
"I made some silly assumptions, though.",1,1,1,1,1,1
She collapsed onto the comfortable bed.,0,1,0,1,1,1
It's quite apparent we have problems.,1,1,1,1,1,1
Does he have a name badge?,0,0,0,0,0,0
An escalating excitement hurried her words.,1,1,1,1,1,1
"Nothing broken, just very badly bruised.",1,1,1,1,1,1
"But he had a dog, yeah?",0,0,0,0,0,0
"Dirty, smelly clothes littered the floor.",1,1,1,1,1,1
Central Park was across the roadway.,0,1,0,0,0,0
The homeless woman obviously loved animals.,1,1,1,1,1,1
"The bag was leather, black, small.",0,0,0,1,1,0
Like a late night comedy sketch.,0,0,0,0,0,0
"The healthiest, most nutritious food ever.",1,1,1,1,1,1
"Will you drink to that, boys?",0,0,0,0,0,0
"At least three, maybe four kids.",0,0,0,0,0,0
That marriage ultimately ends in divorce?,1,1,1,1,1,1
That kind of understanding and kindness...,1,1,1,1,1,1
Why go and stir that pot?,0,0,0,0,0,0
"Quite simply, it was becoming tiresome.",1,1,1,1,1,1
I'll show you my new dance.,0,0,0,0,0,0
Something that awakened my psychic knowing.,1,1,1,1,1,1
The protracted silence became almost unbearable.,1,1,1,1,1,1
With charming conversations and witty sparring.,1,1,1,1,1,1
"Not just physically but intellectually, emotionally.",1,1,1,1,1,1
Fleas infected with plague literally starve.,1,1,1,1,1,1
And stitches all over the place.,0,0,0,1,0,0
"In fact, he looked downright uncomfortable.",1,1,1,1,1,1
Violent moons around a dead planet.,0,0,1,1,1,1
"I was so embarrassed, so ashamed.",0,0,0,0,0,0
I needed to test your methodology.,0,0,0,0,0,0
We went hiking at Bear Mountain.,0,0,0,0,0,0
Wild horses couldn't keep me away.,1,1,1,1,1,1
They fled Russia after the revolution.,1,0,1,0,1,1
Were narrow field stones set perpendicular?,1,1,1,1,1,1
Could a spark explode the fuel?,0,1,1,1,1,1
Let this be quick and simple.,1,1,1,1,1,1
Three large ones and three small.,0,0,0,1,0,0
Her feathery blond hair hung limp.,0,1,0,1,1,1
And the criminal investigation will continue.,1,1,1,1,1,1
But then somehow I stopped myself.,1,1,1,1,1,1
She started moving the excavated sand.,0,0,1,0,1,0
I had bullets in that gun!,0,0,0,0,0,0
"The evidence is contradictory, at best.",1,1,1,1,1,1
They deal in commercial property investments.,1,1,1,1,1,1
Fishes swimming in a turquoise paradise.,1,1,1,1,1,1
The bathroom needed a complete scrubbing.,1,0,1,1,1,1
He's in the quantum physics department.,1,1,1,1,1,1
"He was too skinny, almost skeletal.",1,1,1,0,1,1
Talk about a wild goose chase....,1,0,1,1,1,1
Something big got the ball rolling.,0,0,1,1,1,1
Another spike in unemployment was predicted.,1,1,1,1,1,1
Opposite ends of the same axis.,1,1,1,0,1,1
I enjoy her chocolate fudge cake.,0,0,0,0,0,0
The cold spring weather helped little.,0,1,1,1,1,1
The emperor of the despondent kingdom.,1,1,1,1,1,1
"She leaned over him, sobbing openly.",1,1,1,1,1,1
She stirred sugar into her tea.,0,0,0,0,0,0
No stuffed animals resembling a kangaroo?,1,1,1,1,1,1
There was shouting and loud noises.,1,1,1,0,1,1
She looked like a fairy princess.,1,1,1,1,1,1
Her wisdom and foresight is evident.,1,1,0,1,1,1
To sell on the black market?,0,0,0,0,0,0
I ignored his arrogant little comment.,1,1,1,1,1,1
We made promises of eternal love.,1,1,1,1,1,1
Humanitarian outreach and consolidation of control.,1,1,1,1,1,1
The ceremony will take place tonight.,1,1,1,1,1,1
What about a car or truck?,0,0,0,0,0,0
"I felt awful: exhausted, weak, upset.",1,1,1,1,1,1
Growing vegetables and tending the garden.,0,0,0,1,1,0
He felt silently and secretly fulfilled.,1,1,1,1,1,1
Painter stepped closer to the technician.,1,1,1,1,1,1
Wet hair clinging to her cheeks.,0,0,0,0,0,0
Eventually some of them became legends.,1,0,1,1,1,1
She felt foolish and oddly frightened.,1,1,1,1,1,1
"Crisp, fresh onion, just enough cilantro.",1,1,1,1,1,1
Nordmann considered it all very carefully.,1,1,1,1,1,1
I even hired a medical practitioner.,1,1,1,1,1,1
"Day before tomorrow, day after yesterday.",1,0,0,1,1,0
Was she a prescription drug addict?,1,1,1,1,1,1
Science and religion can indeed coexist.,1,1,1,1,1,1
"Consciously lying, he amended to himself..",1,1,1,1,1,1
Tricked by his own damn ruse!,0,0,0,0,0,0
I picked up the razor blade...,1,1,1,1,1,1
And we need a spy camera.,0,0,0,0,0,0
Italy was rich with art history.,0,0,0,0,0,0
Floor to ceiling windows covered it.,1,1,0,1,1,1
"She shrugged, hoping to look indifferent.",1,1,1,1,1,1
Why should the knowledge threaten you?,0,0,0,0,0,0
"Was it fear, desperation, anger, grief?",1,1,1,1,1,1
We're wired into your alarm system.,1,0,0,0,1,0
The woman you suspect of murder.,1,1,0,0,0,1
His preference for basketball over golf.,1,1,1,1,1,1
So smart and caring and hardworking.,0,1,0,1,0,0
A vampire can full on cry?,0,1,0,1,0,0
A student intellectual turned leftist radical.,1,1,1,1,1,1
"Using magnetic resonance tomography, for example.",1,1,1,1,1,1
Is he teaching religious-symbolism classes again?,1,1,1,1,1,1
And please not over the phone.,0,1,0,1,1,1
Have we seen the prosecution judge?,0,0,0,0,1,0
Then she laughed a barking laugh.,0,0,0,0,0,0
A fully substantiated and provable fact.,1,0,1,1,1,1
It was an upstairs back bedroom.,1,0,1,0,0,1
It's built around an enclosed courtyard.,1,1,1,1,1,1
That was so irresponsible and dangerous.,1,1,1,1,1,1
Long chandelier avocado colored earrings glistened.,1,1,1,1,1,1
"Unfortunately, my answers weren't any different.",1,1,1,1,1,1
Beyond the limits of the law.,0,0,0,0,0,0
My skin feels like melting wax.,1,1,1,1,1,1
Guitar chords lent a soothing strum.,0,1,1,0,0,1
She pointed at my swollen jaw.,0,0,0,0,0,1
"In particular, my hand remained motionless.",1,1,1,1,1,1
Armed security guards arrived in force.,1,1,1,1,1,0
I don't have dissociative identity disorder.,1,1,1,1,1,1
As if that would impress anyone.,1,1,1,0,1,1
He had partners and an assistant.,0,1,1,0,1,1
Check some of my reference books.,0,1,0,0,0,0
He was a United States Senator!,0,0,0,0,0,0
The voice had a muffled sound.,0,0,0,0,0,0
To revive her or help her?,0,0,0,0,0,0
His lungs were filling with blood.,1,1,1,1,1,1
Can I wear a long dress?,0,0,0,0,0,0
Probably a printed Microsoft Paint file.,1,1,1,1,1,1
Water drips from the exhaust pipe.,1,1,1,1,1,1
It was the mathematical constant pi.,1,1,1,1,1,1
The gene heavily influences brain wiring.,1,1,1,1,1,1
The northernmost mountains in central Germany.,1,1,1,1,1,1
I didn't sense any immediate danger.,1,1,1,1,1,1
Especially the priest in our church.,1,1,1,1,1,1
Maybe they had a platonic relationship.,1,1,1,1,1,1
Pine cones and tree bark too.,0,0,0,0,0,0
Painter refused to disappoint his mentor.,1,1,1,1,1,1
That could be a commendable quality.,1,0,1,1,1,1
"No chicken soup, I want tomato.",1,1,1,1,1,1
"Mild fever, slight headache, neck stiffness...",1,1,1,1,1,1
King's handsome face looked almost demonic.,1,1,1,1,1,1
Did permission have to be granted?,0,0,0,1,1,0
"Eyes turned to him, surprisingly bright.",1,1,1,1,1,1
The official diagnosis was a stroke.,1,1,1,0,1,1
"Maximum impact, least amount of effort.",1,1,1,1,1,1
"She was delicate always, now extremely.",1,0,1,1,1,1
Yes she isolated various radioactive atoms.,1,1,1,0,1,1
Fredriksson was the acting news editor.,1,1,0,0,1,1
They pay cash and tip little.,0,1,1,1,0,1
All the way to the rear!,0,0,0,0,0,0
"Both wearing white, untucked, long-sleeved shirts.",1,1,1,1,1,1
Heavy fabric stretched on steel frames.,1,0,1,1,1,0
A bunny can be fluffy sometimes.,1,0,1,1,1,1
"However, that wasn't an immediate improvement.",1,1,1,1,1,1
How sturdy is the coffee table?,0,0,0,0,0,0
"Unscrew, slide into place, lock, screw.",1,1,1,1,1,1
The Weasel was an accomplished backstabber.,1,1,1,1,1,1
The brunette was licking her lips.,0,1,1,1,1,1
Confessing your sins is the escape.,1,1,1,1,1,1
Diver on crew boat retrieves cargo.,0,0,0,0,0,0
Kindness and warmth emanated from him.,1,1,1,1,1,1
She was near Grand Central Station.,0,0,0,0,0,0
What one word would describe you?,0,0,0,0,0,0
No one expected me to win.,0,0,0,0,0,0
Use your computer access for deciphering.,1,1,1,1,1,1
Afraid of what she might do.,0,0,0,0,0,0
He glanced wistfully out the window..,1,1,1,1,1,1
I decided to neutralize the situation.,1,0,1,0,1,1
I still saw cynicism and contempt.,1,1,1,1,1,1
The code's too easy to read.,0,0,0,0,0,0
"She leaned into him antagonistically, ""hunh?""",1,1,1,1,1,1
"Gross stopped briefly, then went on.",1,1,1,1,1,1
"Sharon, she's cooked in a restaurant.",1,1,1,1,1,1
There was no mistaking that scream.,0,0,0,0,0,0
"Years of war, strain, and hatred.",0,0,0,1,0,0
Form clay strip into a cylinder.,1,1,1,1,1,1
I couldn't help laughing with him.,1,1,1,1,1,1
Elizabeth Way was the first operator.,0,0,0,0,0,0
He also admitted killing Mrs. Hengesbach.,1,1,1,1,1,1
I don't have the answer yet.,0,0,0,0,0,0
Now the government must do that.,0,0,0,0,0,0
Then he realized he was hungry.,0,0,0,0,0,0
Bullets began to snap past him.,1,1,1,1,1,1
Others invoked technology and common sense.,1,1,1,1,1,1
Ordered an investigation of Lumumba's death.,1,1,1,1,1,1
The courage to meet every challenge.,0,0,0,0,0,0
Such study may take many forms.,1,0,1,0,0,0
Cut clay top and base pieces.,0,1,1,0,0,1
When she had finished I said:,0,0,0,0,0,0
Approaching shore their masts appeared first.,1,1,1,1,1,1
"These are fairly large, tough animals.",1,1,1,1,1,1
He must pray to be spared.,0,0,0,0,0,0
Payne was more methodical than that.,1,0,1,1,1,1
The situation involved some political perils.,1,1,1,1,1,1
One of the little girls said.,0,0,0,0,0,0
That Jaguar could really barrel along.,0,0,1,1,1,0
Political organization revolved about the basileis.,1,1,1,1,1,1
A cigarette would taste particularly good.,1,1,1,1,1,1
Suppose Lauren comes looking for us??,1,1,1,1,1,1
Travelling home on a late train??,0,0,1,1,1,1
Everyone is to be a participant.,1,1,1,1,1,1
Time in the sum is nothing.,0,0,0,0,0,0
There was no one but me.,0,0,0,0,0,0
It originated with the Wissahickon Section.,1,1,1,1,1,1
A letter awaited her at Princeton.,0,0,0,1,0,0
"Fred Mullen from Mercer Island, Wash.",1,1,1,1,1,1
Wine waiters are something else again.,1,0,1,1,1,1
We were back on the road.,0,0,0,0,0,0
For what do the utopians labor??,0,0,0,0,0,0
But I knowingly abuse their confidence.,1,1,1,1,1,1
Unanimity on Interama is not surprising.,1,1,1,1,1,1
Most of them were elderly men.,0,0,0,0,0,0
"No, the man was not drunk.",0,0,0,0,0,0
She was thirty-one years old then.,0,0,0,0,0,0
There is nothing new in this.,0,0,0,0,0,0
What else was there to say??,0,0,0,0,0,0
There was a contorted ugliness now.,0,0,0,0,0,0
"Frowning, Miss Ada studied the list.",1,1,1,1,1,1
Martin gave her a teasing pat.,0,0,0,0,0,0
Balenciaga is her favorite European designer.,1,1,1,1,1,1
They came unexpectedly upon the sea.,1,1,1,1,1,1
Supply and installation of steel pilings.,1,1,1,1,1,1
Your preferred timeframe for commencing in-store.,1,1,1,1,1,1
You can use milk if required.,1,1,1,1,0,1
How do we compare to others?,0,0,0,0,0,0
How is the weather in Spain?,0,0,0,0,0,0
This time I'm rooting for Khan.,1,1,1,0,1,1
"Appears to be far, far older.",0,1,0,1,0,0
Arrange both windows as you like.,0,0,0,0,0,0
The ones who refuse to quit.,0,0,0,0,0,0
Our friend Bo Fodor is playing.,1,1,1,1,1,1
Remember that in times of pain!,0,0,0,1,1,0
"So, is BC Rich officially dead?",1,1,1,1,1,1
Moving and can't bring with us.,1,0,1,1,1,1
Be prepared for various weather conditions.,1,1,1,1,1,1
Looks like you had a blast!,0,0,0,0,0,0
Sizes range from 2XL to 3XL.,0,0,0,0,0,0
"Regardless, they end up quantifying risk.",1,1,1,1,1,1
Here is more on these platforms.,0,1,0,0,0,0
The fifth character is Mr. Globe.,0,0,0,1,0,0
It changes everything about human interaction.,1,1,1,1,1,1
Do you have any Japanese foods?,0,0,0,0,1,0
"Game on, Barney to throw first.",0,0,0,0,0,0
"In this case, it is not.",0,0,0,0,0,0
This procedure works in most cases.,1,1,0,0,0,1
How debilitating the sensory issues are.,1,1,1,1,1,1
Enjoy and stay connected with us!!,0,0,0,0,1,0
It also included two data centers.,0,0,0,0,0,0
Are you ready for an exploration?,1,0,0,0,0,0
Why am I practicing SUP yoga?,0,0,0,0,0,0
If the Downloading will not start.,0,0,1,0,0,0
Each block can be individually deleted.,1,0,1,1,1,1
Please do send me a message!,0,0,0,0,0,0
What if nature had a voice?,0,0,0,0,0,0
Doubly important ones can be asterisked.,1,1,1,1,1,1
I'm definitely up to the challenge!,1,1,1,1,1,1
Visit my Author Website for more.,1,0,0,0,0,0
From the Baldy tunnel higher up.,0,0,0,1,0,0
"For purely constitutional reasons, of course.",1,1,1,1,1,1
It actually simplifies lots of points.,1,1,1,1,1,1
How to create a personalized chart.,0,0,0,0,0,0
"He was happy, upbeat and friendly.",1,1,1,1,1,1
I'm starting to get a complex.,0,0,0,0,0,0
Maybe it's time for a rest.,0,0,0,0,0,0
Glam Morena: Tutorial: In Full Bloom.,1,1,1,1,1,1
The control comes with ease now.,0,0,0,0,0,0
More gravel would have been better.,0,0,0,1,0,0
It is only your own projection.,1,1,1,0,0,0
So the wise renounce that aim.,0,0,0,0,0,0
A must for all hosta collections.,0,1,1,0,0,0
Regulation facilitates safety and passenger confidence.,1,1,1,1,1,1
Today I didn't even buy NME.,0,0,0,0,0,0
It will shrink to almost nothing!,0,1,1,0,0,0
I'd rather fight mosquitoes than bats.,1,1,1,0,1,1
Our Dawes payday loan can help!,0,0,0,0,0,0
"Business in Silverburn Shopping Centre, Glasgow.",1,1,1,1,1,1
This is all in one song.,0,0,0,0,0,0
SEO- short for search engine optimization.,1,1,1,1,1,1
If so - how can I pay?,0,0,0,0,0,0
Just move on to the next.,0,0,0,0,0,0
I Luv U SO much Forever.,0,0,0,0,0,0
We may outgrow and forget them.,0,0,0,0,0,0
Is Luton plane stack a joke?,0,1,0,0,0,0
"First of all, visit Disney Store.",1,1,1,0,0,1
"Keep Your Private Stuff, well, Private!",1,1,1,1,1,1
People apparently don't get my sarcasm.,1,1,1,1,1,1
I'm mad at that stupid toy.,0,0,0,0,0,0
With the Dubai offline mobile map!,1,0,1,1,1,1
Never been to Cairns Airport before?,1,1,0,1,1,0
With standard Plone that is impossible.,1,1,1,1,1,1
It's easy to be led astray.,0,0,0,0,0,0
"That project continues, for the moment.",1,1,1,1,1,1
What Does 'Surf the Web' Mean?,0,0,0,0,0,0
This from an ex fighter pilot.,0,0,0,0,0,0
"This is dumb, really, really dumb.",1,1,1,1,1,1
What exactly's the matter with me?,0,0,0,0,0,0
How do you want to feel?,0,0,0,0,0,0
"Then, there was a brief drizzle.",0,0,0,1,0,0
Nico hears his dad and smiles.,0,0,0,0,0,0
Ideal for indoor or outdoor cultivation.,1,1,1,1,1,1
How does billing and collection work?,1,1,1,1,1,1
"Honest answer is, I'm not sure.",1,1,1,0,0,1
This is pretty damn cool right?,0,0,0,0,0,0
Let's start with this month's bag!,0,1,1,0,0,0
Share resource: Computer keyboard explanation posters.,1,1,1,1,1,1
"Tomorrow, I will post about this.",1,1,1,0,0,1
"Surface texture; Smooth, sandy or rough.",1,1,1,1,1,1
Kitchen with dining area and woodburner.,1,1,1,1,1,1
Flexible packages to fit every budget.,1,0,1,1,1,1
This is our sixth stop today.,0,0,0,0,0,0
I highly recommend the hot chik'n.,1,1,0,1,1,1
Three sisters preceded her in death.,0,1,0,1,0,0
Lower sales will get their attention.,1,0,1,1,0,0
Adding this one to my list!,0,0,0,0,0,0
It stands for Hypertext Transfer Protocol.,1,1,1,1,1,1
Because I couldn't work it out.,0,0,0,0,0,0
Lastly the Popsugar Must have Mix.,0,1,1,1,1,1
My heart just started to pound!,0,0,0,0,0,0
"Last, you will score for variety.",1,1,1,0,0,0
"Unfortunately, I'd left the flash on.",1,1,1,1,1,1
Every meeting needs to be strong.,0,0,0,0,0,0
"For example, text, textarea, checkbox etc.",1,1,1,1,1,1
So you missed the open house?,0,1,0,0,0,0
The product is available as download-version.,1,1,1,1,1,1
Keep it simple like Kim does.,1,1,0,0,0,1
The CEO of Levi's does it.,0,0,0,0,0,0
"Read unbiased reviews, ratings and recommendations.",1,1,1,1,1,1
Well a busy but great day!,0,0,0,0,0,0
And that is immigration form changes.,1,1,1,1,1,1
It was overwhelming support for Epic.,1,1,1,1,1,1
Implementation of Behavior-Driven Development is straightforward.,1,1,1,1,1,1
Check out the inspiration board below.,1,1,1,1,1,1
"Michael and All Angels Church, Lihue.",1,1,1,1,1,1
Click here to sign the petition.,1,1,0,0,0,0
Viaggi mentali description learning information digits.,1,1,1,1,1,1
Or you can use Meeting Mapper.,0,1,0,0,0,0
He was very patient and sure-footed.,1,1,1,1,1,1
Describing migration and life history patterns.,1,1,1,1,1,1
Oracles were revered in premodern societies.,1,1,1,1,1,1
Do you have 2 memory DIMMS?,0,0,0,0,0,0
She has never danced with him.,0,0,0,0,0,0
Thread: How To Do Graffiti Art?,0,0,0,0,0,0
Press F5 to reset the position.,0,1,0,0,0,0
"Great food, big portions, honest prices.",1,1,1,1,1,1
Made in Central PA by K.C.,0,0,0,0,0,0
Every second counts on race day.,0,0,0,0,0,0
The show was at Shippensburg University.,1,1,1,1,1,1
Thank you all for your attention.,0,0,1,0,0,0
Meet at the NCC Visitor Centre.,0,0,0,0,0,0
That rhythm can be very inspirational.,1,1,1,1,1,1
As for the real deal: taxes.,0,0,0,0,0,0
But it was a fun run.,0,0,0,0,0,0
Observatories also stood at the ready.,0,0,0,0,0,0
"Boon Jin, you are the man!!!",0,0,0,0,0,0
Gabrielle manages a successful private practice.,1,1,1,1,1,1
Take 1 leaf of Aloe Vera.,0,0,0,0,0,0
We need more female stage hypnotists.,1,1,1,1,1,1
Think of it as fresh-flavor insurance.,1,1,1,1,1,1
"Fairly sweet with solid, rounded body.",1,1,1,1,1,1
Amazing place to learn martial arts.,1,1,1,1,0,1
Wine choices pretty much the same.,1,1,0,1,1,1
The victim is a 17-year-old girl.,1,1,1,1,0,1
Hatched a Wobbuffet from the Egg.,0,0,0,1,0,0
You have such a cute baby.,0,0,0,0,0,0
Microsoft was the new computing infrastructure.,1,1,1,1,1,1
It was such a particular experience.,1,1,1,1,1,1
You've managed to edit a value!,0,0,1,0,0,0
To find in the United States.,0,0,0,0,0,0
Your decisions will shape the world!,1,1,1,1,1,1
Options available for lower credit scores.,1,1,1,1,1,1
Could Serenvin Help You Fall Asleep?,1,1,1,1,1,1
Do any stand out in particular?,0,0,1,0,0,0
She'll love meeting Maggie and Smythe!,1,1,1,1,1,1
This allows for much more accuracy.,1,1,1,1,0,0
Sunday School classes begin at 9:30am.,1,1,1,1,1,1
Stir-fried egg noodles with assorted vegetables.,1,1,1,1,1,1
And how does it impact mobile?,0,0,0,0,0,0
"Emilio, stand up for a second.",0,1,0,0,0,1
I've said it hundreds of times.,1,0,1,0,0,0
"It's not his fault, come on.",0,1,0,0,0,0
This is really good for democracy.,0,0,0,0,0,0
Everything changed for all of us.,0,0,0,1,0,0
"Looking at the scene there, Daryn.",0,1,0,1,0,0
Addiction is not a pretty face.,0,0,0,0,0,0
And I've actually spoken with him.,1,1,1,1,1,1
But monopolies have been regulated before.,1,1,1,1,1,1
You can see the damage here.,0,0,0,0,0,0
I tried during the 2000 campaign.,1,0,1,0,0,1
Back with more right after this.,0,0,0,0,0,0
"Well, it's hard to say, Geraldo.",0,1,0,1,0,0
Let's get it going once again.,0,0,0,0,0,0
You bet there's other things here.,0,0,0,0,0,0
"Dan Schorr, of course, joins us.",1,1,0,1,1,1
"Get out of here, you guys.",0,0,0,0,0,0
It's not -- it's important to me.,0,1,0,0,0,0
There were probably five of them.,0,0,0,1,0,0
I don't know much about him.,0,0,0,0,0,0
I started listening to satellite radio.,1,1,1,0,0,1
I get to ask the question.,0,0,0,0,0,0
"No, I'm talking about the staff.",0,1,1,0,1,1
They had moved to Oklahoma Territory.,0,0,0,0,0,0
The figures mark a significant turnaround.,1,1,1,1,1,1
They don't view it that way.,0,0,0,0,0,0
I will make that commitment today.,0,0,1,0,0,0
We need to all come together.,0,0,0,0,0,0
So I don't want anybody's sympathy.,1,1,1,0,1,1
This is a call for help.,0,0,0,0,0,0
And that is a direct strategy.,0,0,0,0,0,0
I'm going to take him on.,0,0,0,0,0,0
She has buried all of them.,0,0,0,0,0,0
"Again, it's been nearly a week.",0,0,1,1,1,0
"Here it comes, the unknown DNA.",0,1,0,1,0,0
We do have an air lock.,0,0,0,0,0,0
"Senator Edwards, good luck to you.",0,1,0,0,0,0
The terror camp was never built.,0,0,0,0,0,0
"It was just a symptom, really.",0,1,1,0,0,0
He joins us now from Phoenix.,0,1,0,0,0,1
It was a deadly lung cancer.,0,0,0,0,0,0
This is a really weird question.,1,0,1,0,0,0
Thousands of innocent lives were lost.,1,1,1,1,1,1
"Larry, thanks for coming in today.",1,1,1,1,0,1
I'm sick of the whole scene.,0,0,0,0,0,0
"You know, the world loves him.",0,1,0,0,0,0
He don't look nothing like Ricky.,0,1,0,1,1,0
Ross Perot evidently has no plan.,0,1,1,1,1,1
So let's let that go forward.,0,0,0,0,0,0
It is the next entertainment revolution.,1,1,1,1,1,1
We wouldn't have seen analog cassettes.,1,1,1,1,1,1
They are just defending the law.,0,0,0,0,0,0
She loves to go to church.,0,0,0,0,0,0
I have a very supportive husband.,1,1,1,1,1,1
You're listening to DAY TO DAY.,0,0,0,0,0,0
That's what they wanted to communicate.,1,0,1,0,1,1
"Boy, I'm taking a deep breath.",0,0,0,0,0,0
No I think just the opposite.,0,1,0,0,0,0
I am Steven Segal's litigation attorney.,1,1,1,1,1,1
And you can ask me why.,0,0,0,0,0,0
I want everybody to do well.,0,0,0,0,0,0
"Where those -- look, here he goes.",0,0,0,0,0,0
His parents are from Hong Kong.,0,1,0,1,0,1
And command doesn't first believe them.,1,1,1,1,1,1
Please let me answer the question.,0,0,1,1,1,1
Dennis doesn't recall that it happened.,0,1,1,1,1,1
"Finally, he was this past Friday.",1,1,1,1,1,1
You can't start with individual programs.,1,1,1,1,1,1
She also has a great wig.,0,0,0,0,0,0
"Anyway, all that and much more.",0,0,0,0,0,0
"I'm like, I'm a little down.",1,1,1,1,1,1
It still seems a little unreal.,0,0,1,0,0,0
He's going to be more powerful.,1,0,0,1,0,0
This was quite a stunning thing.,1,1,1,0,0,1
I think it's been very encouraging.,1,1,1,1,1,1
No one's coming to get you.,1,0,0,0,0,0
I thought you might be praying.,1,0,0,0,0,0
I knew I couldn't trust you.,1,0,0,0,0,0
I'm not crazy about blind dates.,0,0,1,0,0,0
Then you're lucky I came along.,1,0,0,1,0,0
I have to ask you that.,0,0,0,0,0,0
Ruby takes off towards the Cineplex...,1,1,1,1,1,1
She's going to wash your Jeep?,1,0,0,0,0,1
How can you choose this lifestyle?,1,1,0,0,0,1
"Curing countless diseases, not just ours.",1,1,1,1,1,1
It wasn't even his terrible taste.,0,0,1,0,1,0
How much time do you have?,0,0,0,0,0,0
I go back to work tomorrow.,0,0,0,0,0,0
You should practice lying more often.,1,1,1,1,1,1
What do you want for free?,0,0,0,0,0,0
I'm just here with another girl.,0,0,0,1,0,0
Then you must keep it true.,0,0,0,0,0,0
I used some of your soap.,1,0,0,0,0,0
I got pinched in the elevator.,0,0,0,0,0,0
You mean she's not coming back?,1,1,0,0,1,1
"Craig, darling are you in there?",1,0,0,1,0,0
It was just a fishing expedition.,1,1,1,0,1,1
I don't want to discuss it.,0,0,0,0,0,0
Did your wishes ever come true?,0,0,0,0,0,0
"Macaulay, you drew up Wynant's will.",1,1,1,1,1,1
"Some of it good, I hope.",1,0,0,0,0,0
"On your ear, you've got something.",1,0,1,1,1,1
It probably has the Dumper's name.,1,0,1,1,1,1
There's always risk -- life's a risk.,1,0,1,1,1,1
I'll see what you can do.,0,0,0,0,0,0
I told you what to do.,0,0,0,0,0,0
Can't go anywhere without an inhaler.,0,1,1,1,0,0
I told you to stay hidden!,0,0,0,0,0,0
"Shwoof, that makes me feel better.",0,0,0,0,0,0
Why's his britches round his knees?,1,1,0,0,1,1
I didn't say you were scared.,0,0,0,0,0,0
You know what your problem is?,1,0,0,0,0,0
"I'm a hemotologist, not a detective.",1,0,1,1,1,1
You'd have to get me inside.,0,0,0,0,0,0
And that's the power you have.,0,0,0,0,0,0
Because... I didn't think I would?,1,1,1,1,1,1
We don't want to be disturbed.,0,0,0,0,0,0
What do they need her for?,0,0,0,0,0,0
Is that all you care about?,0,0,0,0,0,0
How does he look up close?,0,0,0,0,0,0
What happens when the baby comes?,0,0,0,0,0,0
"Just please, give me the ticket!",1,0,0,0,1,1
Learn how to speak English first.,0,1,0,1,1,1
You're going to miss your train!,1,0,1,0,1,1
"Mommy, please don't call me that.",1,1,1,1,1,1
"Our prayers have been answered, Turkle!",1,0,1,1,1,1
"I think I love you, mate.",1,0,0,0,0,0
Things won't change... you know that!,1,1,1,1,1,1
"You don't, you can't believe that...",1,1,1,1,1,1
"Ellie, it was a formal party...",1,0,1,1,1,1
I just have to get something.,0,0,0,0,0,0
Worse than your Kraft Holiday dip?,1,0,0,0,0,1
Keep that thing away from me.,0,0,0,0,0,0
Want to tell me what happened?,0,0,0,0,0,0
I know what you're gonna say.,0,0,0,0,0,0
Keep in touch with my secretary.,1,0,0,0,0,0
I still haven't heard from Pendergast.,1,1,1,1,1,1
I'm out here looking for Leo.,1,0,0,1,0,0
How do you like your coffee?,1,0,0,0,0,0
Here turn around and face me.,0,0,0,0,0,0
He gave me a great deal.,0,0,0,0,0,0
I don't want you to die!,0,0,0,0,0,0
I thought it was very unique.,1,0,0,0,0,0
I'll tell you that joke again.,0,0,1,0,0,0
I've continued working on the case!,1,1,1,1,1,1
You're the one who started it.,0,0,0,0,0,0
I'm getting custody of the kids.,1,0,0,0,0,0
Tell them I needed a rest.,0,0,0,0,0,0
"It was a shark, wasn't it?",0,0,0,0,0,0
I thought that you were anyway.,0,0,0,0,0,0
"No Legal, Tax or Investment Advice.",1,1,1,1,1,1
AWA shall provide applicable training materials.,1,1,1,1,1,1
Opinion of Counsel for the Underwriters.,1,1,1,1,1,1
Letters of Credit Issued for Subsidiaries.,1,1,1,1,1,1
Transfers out of the bargaining unit.,1,1,1,1,1,1
Rb binds more than 100 proteins.,1,1,1,1,1,1
As with ectopic division and apoptosis.,1,1,1,1,1,1
Section ISH using rat Shh probe.,1,1,0,0,0,1
Two independent compounds tested in Tg2576.,1,1,1,1,1,1
The mutant allele lacks exon 14.,0,0,1,0,0,0
But two groups are in confrontation.,1,1,1,1,1,1
Oh Hjalmar Wentz must have been.,0,0,0,0,0,0
Well kept facility with friendly staff.,1,1,1,1,1,1
Passport needed for international boat cruise?,1,1,1,1,1,1
We'd only met ten minutes before.,0,0,0,1,1,0
Hey kido u made me smile.,0,0,0,0,0,0
"After that, what do we do?",0,0,0,0,0,0
The place is chill and comfortable.,0,1,1,1,0,0
"Nice selection, very clean, friendly staff!",1,1,1,1,1,1
The drawstring just completes the fit.,0,1,1,1,1,1
Wishing your husband a happy birthday!,1,1,1,1,1,1
Asked her question and did nothing.,0,1,1,1,1,1
Five Toes: Silkies have five toes.,1,0,1,0,1,1
"Just then, the front door slammed.",0,1,0,1,0,1
Just received from your flower store.,1,0,0,1,0,0
She manifested him at another level.,0,0,1,1,1,1
"In brief, inferiors salute superiors first.",1,1,1,1,1,1
I give this dealer an A+!,0,0,0,0,0,0
The stewardesses are furious with them.,1,0,0,0,0,0
"Well, this may be an exception.",1,0,1,1,1,1
The pancakes are to die for.,0,0,0,0,0,0
Both Tina and Vicky are excellent.,0,0,0,1,0,0
"He's been frantic, the woman explained.",1,1,1,1,1,1
Don't be in a hurry though.,0,0,0,0,0,0
It's even made out to you.,0,0,0,0,0,0
"Goode was born in Exeter, Devon.",0,0,0,0,1,0
Admin coordinators do primarily administrative work.,1,1,1,1,1,1
They have fabulous French toast too.,0,0,0,0,0,0
There is no subterfuge in you.,1,0,0,0,0,0
Labor shifted from farming to mining.,1,1,1,1,1,1
I am really proud of her.,0,0,0,0,0,0
Should we set a date now?,0,0,0,0,0,0
I was amazed and really excited.,0,0,0,0,0,0
Carve one in your chosen medium.,1,1,0,1,0,0
Sometimes he stood up for exercise.,1,1,0,0,1,1
Mayko is relating to the Japanese.,1,0,1,1,1,1
Estimated electricity use in residential sector.,1,1,1,1,1,1
What are the startup costs involved?,0,1,1,0,0,0
He remained thoughtful for a moment.,0,0,0,1,0,0
But then again he could be!,0,0,0,0,0,0
Thank you or your feed back.,0,0,0,0,0,0
Paying special attention to the eyes.,1,1,1,1,1,1
Their food and sweets are awesome.,0,0,0,0,0,0
And yet it's come so quickly.,1,0,1,0,0,0
Miramar was founded September 20 1888.,1,0,1,1,1,1
"They will, however, cost a bunch.",0,0,0,0,0,0
It is not just company longevity.,1,1,1,1,1,1
My favorite so far in Bellevue.,1,0,0,0,0,0
The service at Instep was great!!,1,0,0,0,1,0
I would recommend them to anyone!,0,0,0,0,0,0
They always stand up for capital.,0,0,1,0,0,1
Merck disputed the study as flawed.,0,0,0,0,0,0
"""I think it's overblown,"" he said.",1,1,1,1,1,1
The remaining 10% is net profit.,1,1,1,1,1,1
Initial budget estimate: about $40 million.,1,1,1,1,1,1
"But please, not Mr. Boutros-Ghali again.",1,1,1,1,1,1
Some rivals are already making inroads.,1,1,1,1,1,1
The Clinton White House was silent.,0,1,1,0,0,1
Hope is indeed a wonderful thing.,0,1,0,1,1,1
They want quality at low cost.,0,0,0,0,0,0
Here are details from the auction:,0,0,0,0,0,0
The bill became law in April.,0,0,0,1,0,0
That's where Dr. Angell comes in.,0,0,0,1,0,0
Revco wouldn't comment on its plans.,1,1,1,1,1,1
And how do you get one?,0,0,0,0,0,0
This is a romance after all.,0,0,0,0,0,0
The chief complaint for phonics advocates:,1,1,1,1,1,1
They want prices to remain stable.,0,0,1,0,0,0
Coupon three-month London Interbank Offered Rate.,1,1,1,1,1,1
Terms of the transaction weren't disclosed.,1,1,1,1,1,1
"Fleet National Bank, Hartford, is trustee.",1,1,1,1,1,1
But that argument isn't always convincing.,1,1,1,1,1,1
We think it's straight business sense.,1,1,1,1,1,1
The redemption date is March 1.,0,0,0,0,0,0
The two companies declined to comment.,0,1,1,1,1,1
Mr. Guarino has denied the charges.,0,0,0,1,0,0
"What's more, the news repeats itself.",1,1,1,1,1,1
Justice Singh asks the government's lawyer.,1,1,1,1,1,1
Page proofs were at the printer.,0,1,0,1,1,0
One executive even bought additional shares.,1,1,1,1,1,1
Those incremental minutes are very profitable.,1,1,1,1,1,1
"Now ""the easy comparisons are over.""",1,1,1,1,1,1
That's why we're talking about taxes.,1,0,1,0,0,0
But that could cause another problem:,0,0,0,0,0,0
So trial-and-error printing can get costly.,1,1,1,1,1,1
"Before that, he had no records.",0,0,0,0,0,0
His catch: three top phone reps.,0,1,0,1,0,1
Coldwell Banker Previews had the listing.,0,1,1,1,1,1
You're still going to get hooked.,1,0,0,1,0,0
Then it escaped onto the Internet.,0,1,0,1,1,0
Sales in Europe were up 2%.,0,0,0,0,1,0
"He allegedly bought 15,000 Skybox shares.",1,0,1,1,1,1
It's extremely touching and extremely funny.,1,1,1,1,1,1
But that is a minor factor.,0,0,0,0,0,0
He's taught me that by example.,0,0,0,0,0,0
Laboratory Corp. officials couldn't be reached.,1,1,1,1,1,1
Sussex also acquired Spy in 1994.,1,1,1,1,1,1
The kids play in the street.,0,0,0,0,0,0
"Eventually the bleeding stopped, buying time.",1,1,1,1,1,1
But many U.S. customs confuse them.,1,1,1,0,1,1
